id,first_name,last_name,email,salary
10,Zandra,Sprenger,triedshakira@company.com,257871618033623968
20,Davina,Shamapande,lothadelia@company.com,495373956318938315
30,Cinthia,Brotherton,hetnicklaw@company.com,192177270429060092
40,Ashton,Rochkes,skintbirches@company.com31873400437933865
50,Mammie,Scagliotti,chargedsigrid@company.com,471975698819073725
60,Leone,Rings,deafclifford@company.com,431144775717545851
70,Mika,Tengan,limbedtimmy@company.com99378324590541684
80,Shaun,Starns,featdart@company.com,475075645508553061
90,Ninfa,Dompe,markedpozzies@company.com63046404509489586
100,Lea,Genzone,softlyprigs@company.com,466772555622778341
110,Michal,Boesen,fierceeileen@company.com69243596540625129
120,Prudence,Perro,wholesaleflues@company.com,276174100480248117
130,Tena,Carl,wingedsuzann@company.com,443774096736417177
140,Temeka,Wools,ainkim@company.com,208772318008657138
150,Marybeth,Piepenbrink,frorelenard@company.com62348735745292633
160,Dorie,Lippard,cheerlessolivares@company.com,178678499736153337
170,Joann,Boardman,plunktransects@company.com,143247952346559697